sl_no,name,Description,price,is_header,time
1,Arsalan Biryani,,,1,12:00:00
2,Mutton Biryani,"Discovered by the ancestors of Arsalan, this biryani is made with juicy mutton pieces cooked dum style in aromatic rice & bhuna spices.",290,0,12:00:00
3,Veg Biryani,Diced vegetables & long grain Basmati rice cooked dumpukth style with the Arsalan's secret spices.,235,0,13:00:00
4,Egg Biryani [2 Eggs],"Pocket friendly Egg Biryani for our Mehman-e-Khaas, a traditional yet favourite Arsalan Speciality.",205,0,12:00:00
5,Hyderabadi Biryani,"Arsalan presents you the taste of Hyderabad in an aromatic, mouth watering and authentic biryani with succulent Mutton in layers of fluffy rice, fragrant spices and caramelized onions.",300,0,13:00:00
6,Arsalan Biryani,"An in-house Speciality, the legendary Arsalan Biryani in Mutton Pieces -we highly recommend you to try this.",285,0,14:00:00
7,Mutton Lucknowi Biryani,Arsalan presents the all time favourite lucknowi biryani . An absolutely delicious recipe cooked with flavorful spices in Dum Pukht method.,405,0,15:00:00
8,Burger King,,,1,9:00:00
9,Chicken Whopper,"Our signature Whopper with 7 layers between the buns. Flame Grilled chicken Patty, fresh onion, crispy lettuce, juicy tomatoes, tangy gherkins, creamy and smoky sauces with xxl buns. It? Not A Burger, it? a Whopper.",189,0,9:00:00
10,Boneless Wings Large,,259,0,10:00:00
11,Veg Whopper,"Our signature Whopper with 7 layers between the buns. Extra crunchy veg Patty, fresh onion, crispy lettuce, juicy tomatoes, tangy gherkins, creamy and smoky sauces with xxl buns. It? Not A Burger, it? a Whopper.",159,0,9:00:00
12,Crispy Chicken Burger,"Our best-selling burger with crispy chicken patty, fresh onion and our signature sauce.",80,0,9:00:00
13,"
Peri Peri Fries",Crispy fries with peri peri spice. Hot indeed.,90,0,9:00:00
14,Bhojohori Manna,,,1,
15,4 Luchi with Chicken Dakbangla [2 Pieces],,245,0,22:00:00
16,Pulao with Chicken Dakbangla [3 Pieces],,385,0,23:00:00
17,4 Luchi with Mutton dakbangla [2 Pieces],,295,0,22:30:00
18,Rice with Bagda Chingri Malai Curry,,375,0,23:00:00
